{"cameraMode":{"drawMode":0,"name":"Shaded","section":"Shading Mode"},"sceneLighting":true,"audioPlay":false,"sceneViewState":{"m_AlwaysRefresh":false,"showFog":false,"showSkybox":true,"showFlares":true,"showImageEffects":true,"showParticleSystems":true,"showVisualEffectGraphs":true,"m_FxEnabled":true},"in2DMode":false,"pivot":{"x":-2.4197590351104738,"y":0.7380197048187256,"z":-7.114109992980957},"rotation":{"x":0.04416364058852196,"y":-0.5000734925270081,"z":0.025463523343205453,"w":0.8645307421684265},"size":0.20027495920658112,"orthographic":false}