{"cameraMode":{"drawMode":0,"name":"Shaded","section":"Shading Mode"},"sceneLighting":true,"audioPlay":false,"sceneViewState":{"m_AlwaysRefresh":false,"showFog":false,"showSkybox":true,"showFlares":true,"showImageEffects":true,"showParticleSystems":true,"showVisualEffectGraphs":true,"m_FxEnabled":true},"in2DMode":false,"pivot":{"x":-8.314014434814454,"y":0.6328606605529785,"z":14.600737571716309},"rotation":{"x":0.013857604935765267,"y":-0.6382948756217957,"z":0.011486772447824479,"w":0.7695927023887634},"size":0.19115030765533448,"orthographic":false}