{"cameraMode":{"drawMode":0,"name":"Shaded","section":"Shading Mode"},"sceneLighting":true,"audioPlay":false,"sceneViewState":{"m_AlwaysRefresh":false,"showFog":false,"showSkybox":true,"showFlares":true,"showImageEffects":true,"showParticleSystems":true,"showVisualEffectGraphs":true,"m_FxEnabled":true},"in2DMode":false,"pivot":{"x":-8.799284934997559,"y":4.445950031280518,"z":-3.0577142238616945},"rotation":{"x":-0.33708831667900088,"y":0.0019883308559656145,"z":-0.0006941976025700569,"w":-0.9415120482444763},"size":0.36964085698127749,"orthographic":false}