{"cameraMode":{"drawMode":0,"name":"Shaded","section":"Shading Mode"},"sceneLighting":false,"audioPlay":false,"sceneViewState":{"m_AlwaysRefresh":false,"showFog":false,"showSkybox":false,"showFlares":true,"showImageEffects":true,"showParticleSystems":true,"showVisualEffectGraphs":true,"m_FxEnabled":true},"in2DMode":false,"pivot":{"x":2.5331974029541018e-7,"y":0.31010279059410097,"z":0.012538745999336243},"rotation":{"x":-0.012288490310311318,"y":0.9434000849723816,"z":-0.32980361580848696,"w":-0.03509160131216049},"size":0.4402625560760498,"orthographic":false}